[
  {
    "id": "2026-01-12",
    "start_date": "2026-01-12",
    "end_date": "2026-01-16",
    "label": "Week of Jan 12 to Jan 16"
  },
  {
    "id": "2026-01-19",
    "start_date": "2026-01-19",
    "end_date": "2026-01-23",
    "label": "Week of Jan 19 to Jan 23"
  },
  {
    "id": "2026-01-26",
    "start_date": "2026-01-26",
    "end_date": "2026-01-30",
    "label": "Week of Jan 26 to Jan 30"
  },
  {
    "id": "2026-02-02",
    "start_date": "2026-02-02",
    "end_date": "2026-02-06",
    "label": "Week of Feb 2 to Feb 6"
  },
  {
    "id": "2026-02-09",
    "start_date": "2026-02-09",
    "end_date": "2026-02-13",
    "label": "Week of Feb 9 to Feb 13"
  },
  {
    "id": "2026-02-16",
    "start_date": "2026-02-16",
    "end_date": "2026-02-20",
    "label": "Week of Feb 16 to Feb 20"
  },
  {
    "id": "2026-02-23",
    "start_date": "2026-02-23",
    "end_date": "2026-02-27",
    "label": "Week of Feb 23 to Feb 27"
  },
  {
    "id": "2026-03-02",
    "start_date": "2026-03-02",
    "end_date": "2026-03-06",
    "label": "Week of Mar 2 to Mar 6"
  },
  {
    "id": "2026-03-09",
    "start_date": "2026-03-09",
    "end_date": "2026-03-13",
    "label": "Week of Mar 9 to Mar 13"
  },
  {
    "id": "2026-03-16",
    "start_date": "2026-03-16",
    "end_date": "2026-03-20",
    "label": "Week of Mar 16 to Mar 20"
  },
  {
    "id": "2026-03-23",
    "start_date": "2026-03-23",
    "end_date": "2026-03-27",
    "label": "Week of Mar 23 to Mar 27"
  },
  {
    "id": "2026-03-30",
    "start_date": "2026-03-30",
    "end_date": "2026-04-03",
    "label": "Week of Mar 30 to Apr 3"
  },
  {
    "id": "2026-04-06",
    "start_date": "2026-04-06",
    "end_date": "2026-04-10",
    "label": "Week of Apr 6 to Apr 10"
  }
]